datetime	ph	nitrates	silicates	matieres	deltan	deltac	temperature	salinite	oxygene	ammonium	nitrites	phosphates	carbone	azote	chlorophylle
1998-03-01 00:00:00							10.6	33.9	6.68	1.16	0.02	0.08	336	52	0.45
1998-04-01 00:00:00		14.3	4.075				11.275	33.585	6.31	0.835	0.225	0.1275	225.65	32.825	0.606666666666667
1998-05-01 00:00:00		6.62	2.2				13.52	34.51	6.736	0.736	0.232	0.05	452.28	58.58	2.642
1998-06-01 00:00:00		2.325	1.1				15.85	34.5225	5.9775	0.9025	0.135	0.0125	381.3	44.025	1.7025
1998-07-01 00:00:00		0.9	1.9				16.1	34.77	5.88666666666667	1.03333333333333	0.073333333333333	0.006666666666667	252.033333333333	29.3	1.30666666666667
1998-08-01 00:00:00		0.2	3.725				16.675	35.025	6.07	0.365	0.035	0.015	257.6	26.475	1.625
1998-09-01 00:00:00		1.5	4.625				16.45	35.26	5.615	0.7825	0.0425	0.02	183.65	22.5	1.285
1998-10-01 00:00:00		4.62	5.92				14.98	35.064	5.58	1.662	0.128	0.046	125.6	12.62	0.658
1998-11-01 00:00:00		19.15	8.6				12.2	34.3025	5.89666666666667	1.5875	0.6175	0.1825	98.375	11.025	0.425
1998-12-01 00:00:00		23.275	8.525				10.85	34.0125	6.2375	1.6725	0.68	0.3875	145.775	18.225	0.38
1999-01-01 00:00:00		27.8	8.7				10.4333333333333	34.02	6.39333333333333	1.03	0.37	0.44	262.233333333333	32	0.426666666666667
1999-02-01 00:00:00		24.2	7.75				10.2	34.525	6.315	1.0275	0.38	0.205	118.675	16.75	0.5175
1999-03-01 00:00:00		18.925	5.5				10.4	34.2933333333333	6.53	0.655	0.1325	0.14	176	28.95	1.41
1999-04-01 00:00:00		8.85	2.225				11.7	34.34	6.495	0.82	0.1425	0.06	250.3	36.4	2.2
1999-05-01 00:00:00		5.6	1.35				13.975	34.2375	6.345	0.8075	0.18	0	270.15	39.45	2.465
1999-06-01 00:00:00		1.975	0.6				15.6	34.5325	6.1725	0.925	0.115	0	271.7	36.6	1.7075
1999-07-01 00:00:00		0.85	1.75				16.975	34.8575	6.125	0.5375	0.0225	0.0175	392.625	50.125	1.9225
1999-08-01 00:00:00		0.15	2.3				17.8	34.87	5.56	0.53	0.03	0.095	268.9	38.5	1.235
1999-09-01 00:00:00		0.375	3.325				17.55	35.155	5.435	1.0225	0.035	0.035	200.775	26.75	1.0225
1999-10-01 00:00:00		3.82	5				15.8	34.97	5.444	1.266	0.216	0.272	197.5	28.18	0.752
1999-11-01 00:00:00		12.5	6.425				13.375	34.52	5.6875	1.6525	0.52	0.1975	154.025	14.675	0.5575
1999-12-01 00:00:00		17.2666666666667	7.2				11.2333333333333	33.92	6.04	1.37	1.26	0.19	175.25	10.35	0.396666666666667
2000-01-01 00:00:00		36.4	10.925				9.925	33.07	6.2925	1.4725	0.4975	0.3625	201.825	17.075	0.405
2000-02-01 00:00:00		27.6	10.425				9.575	33.29	6.4325	1.23	0.355	0.525	187.575	14.65	0.44
2000-03-01 00:00:00		20.7	6.6				10.575	33.945	6.6975	0.76	0.2575	0.455	157.075	14.3	0.835
2000-04-01 00:00:00		18.075	3.875				10.725	34.345	6.585	0.555	0.1775	0.1825	225.8	24.975	1.6975
2000-05-01 00:00:00		12.56	1.62				13.16	33.734	6.326	1.17	0.202	0.062	221.68	29.34	2.048
2000-06-01 00:00:00		5.175	1.25				15.025	34.1425	6.3	0.8775	0.24	0.02	240.9	36.8	1.9475
2000-07-01 00:00:00		0.9	0.475				16.05	34.89	6.105	0.65	0.0925	0.0325	216.375	34.85	1.93
2000-08-01 00:00:00		1.05	3.25				16.75	35.285	5.7775	0.8125	0.093333333333333	0.1125	203.9	32.25	1.3425
2000-09-01 00:00:00		1.9	4.05				16.8	35.205	5.52666666666667	1.3525	0.155	0.1775	181.1	28.225	1.43
2000-10-01 00:00:00		7.24	7				14.84	35.014	5.49	1.924	0.47	0.414	186.34	22.84	0.694
2000-11-01 00:00:00		22.075	10.2725				11.875	33.975	5.885	1.5625	0.61	0.483333333333333	179.225	18.5	0.425
2000-12-01 00:00:00		28.2333333333333	12.6033333333333				11.3	33.1366666666667	5.99666666666667	0.963333333333333	0.425	0.445	201.833333333333	20.6	0.39
2001-01-01 00:00:00		32.95	15.2775				10.1	32.41	6.22	0.6825	0.345	0.465	283.1	25.2	0.4025
2001-02-01 00:00:00		29.6333333333333	12.7366666666667				10.5666666666667	32.76	6.28666666666667	0.876666666666667	0.343333333333333	0.396666666666667	198.733333333333	17.9666666666667	0.53
2001-03-01 00:00:00		21.64	7.024				10.6	33.498	6.246	1.114	0.283333333333333	0.256	167.26	20.32	0.704
2001-04-01 00:00:00		14.75	4.2675				11.8	33.7225	6.225	0.95		0.15	161.3	22.525	1.18
2001-05-01 00:00:00		4.0575	1.3				13.275	34.305	6.8025	0.97	0.11	0.04	415.725	58.475	3.83
2001-06-01 00:00:00		0.6075	1.3075				15.6	34.7075	6.165	0.8075	0.07	0.035	280.825	38.25	2.0125
2001-07-01 00:00:00		0.55	2.225				16.9	34.9375	5.8725	0.6675	0.06	0.09	273.5	32.75	1.765
2001-08-01 00:00:00		0.21	2.602				17.54	35.208	5.892	0.568	0.03	0.084	262	26.5	2.424
2001-09-01 00:00:00		0.516666666666667	4.97				16.5666666666667	35.2766666666667	5.51333333333333	0.726666666666667	0.053333333333333	0.116666666666667	271.333333333333	30	2.11
2001-10-01 00:00:00		2.518	5.446				15.34	35.104	5.552	1.508	0.166	0.272	250.3	31.06	1.712
2001-11-01 00:00:00		5.3075	6.2075				13.225	35.125	5.635	1.625	0.5675	0.4	132	21.9	0.7075
2001-12-01 00:00:00		8.885	6.3975				10.65	34.9	6.0275	1.22	0.47	0.4475	126.65	18.925	0.6225
2002-01-01 00:00:00		12.5025	5.9025				9.4	34.69	6.36	1.11	0.27	0.4725	157.275	24.45	0.66
2002-02-01 00:00:00		21.935	8.4975				10.1	34.1775	6.3075	1.1825	0.315	0.53	239.475	36.5	1.06
2002-03-01 00:00:00	8.23	18.205	9.4075	3.235			10.525	34.395	6.365	0.565	0.105	0.295	169.95	24.75	1.7225
2002-04-01 00:00:00	8.3225	10.095	4	1.6575			11.6	34.3675	6.73666666666667	0.645	0.045	0.0975	192.275	32.275	1.8425
2002-05-01 00:00:00	8.326	2.846	1.686	1.922			13.26	34.52	6.11	0.72	0.074	0.052	208.24	32.86	2.494
2002-06-01 00:00:00	8.2825	1.24	1.0675	1.885			14.825	34.4725	6.11	0.6275	0.095	0.0475	249.1	42.4	2.6375
2002-07-01 00:00:00	8.2625	0.2925	1.3575	0.87			16.2	34.9375	6.15	1.2175	0.035	0.0725	222.375	34.075	2.225
2002-08-01 00:00:00	8.2425	1.2525	5.4275	2.4175			16.475	35.1325	5.85	1.3	0.025	0.0475	367.566666666667	59.25	4.2275
2002-09-01 00:00:00	8.1975	0.56	3.9075	1.255			16.375	35.35	5.635	1.365	0.08	0.12	213.425	33.025	2.7125
2002-10-01 00:00:00	8.1825	1.95	4.5325	1.45			15.4	35.3	5.465	1.8025	0.2225	0.2375	261.175	37.5	1.1725
2002-11-01 00:00:00	8.074	11.156	8.972	3.088			13.34	34.706	5.7675	1.612	0.748	0.362	181.04	25.22	0.602
2002-12-01 00:00:00	8.1125	19.4775	10.04	2.345			10.925	34.175	6.04	0.86	0.995	0.34	120.7	19.1	0.355
2003-01-01 00:00:00	8.14	26.77	12.7825	3.8275			9.5	33.475	6.2875	0.7425	0.51	0.3225	227.825	35.3	0.425
2003-02-01 00:00:00	8.1675	24.305	10.005	3.3075			9.125	33.75	6.5025	0.6225	0.27	0.1525	183.8	30.625	0.5825
2003-03-01 00:00:00	8.215	22.6175	9.9075	2.015			10.2	33.625	6.65	0.6025	0.24	0.0825	123.025	23.55	0.76
2003-04-01 00:00:00	8.3025	10.0975	1.61	2.7525			11.75	33.8	6.4825	0.635	0.2275	0.0375	358.575	58.85	3.2275
2003-05-01 00:00:00	8.2575	1.9675	0.4175	4.21			13.4	34.225	5.985	1.5125	0.21	0.04	382.75	65	2.8575
2003-06-01 00:00:00	8.2675	0.3925	0.7025	2.7825			15.875	34.675	5.8675	0.25	0.015	0.04	257.475	39.9	1.6725
2003-07-01 00:00:00	8.235	0.26	0.6675	1.74			16.95	35.2	5.765	0.2025	0.0075	0.035	195.325	32.125	1.35
2003-08-01 00:00:00	8.2125	0.33	1.295	1.4775			18.05	35.35	5.5	0.0825	0.0225	0.0675	207.025	34.05	1.3
2003-09-01 00:00:00	8.23	0.505	3.0925	2.47			17.325	35.525	5.53	0.6525	0.0625	0.1725	190.5	30.8	1.07
2003-10-01 00:00:00	8.1825	2.104	4.962	2.9025			15.16	35.46	5.194	1.298	0.286	0.284	137.86	22.44	0.798
2003-11-01 00:00:00	8.1525	4.195	5.0875	2.48			12.825	35.375	5.19	1.045	0.2475	0.38	140.425	26.625	0.69
2003-12-01 00:00:00	8.1075	9.5425	6.17	3.2			10.825	34.825	5.4425	1.01	0.26	0.415	132.75	21.175	0.5
2004-01-01 00:00:00	8.1	22.7875	7.3925	3.695			10.225	34.2	6.1325	1.075	0.125	0.435	165.7	28.425	0.3925
2004-02-01 00:00:00	8.13	17.675	7.895	3.585			9.9775	34.0625	6.3025	0.8475	0.1375	0.41	121.15	23.325	0.4525
2004-03-01 00:00:00	8.165	13.28	5.83	2.86			8.9475	33.7075	6.6025	0.9	0.1025	0.2825	111.3	24	0.6325
2004-04-01 00:00:00	8.2175	8.6	2.7875	2.93			10.5975	33.83	6.4225	0.5225	0.105	0.1325	149.475	34.45	0.9475
2004-05-01 00:00:00	8.246	6.07	2.87	2.954			12.94	34.332	6.53333333333333	0.602	0.138	0.118	144.34	27.84	1.36
2004-06-01 00:00:00	8.26	1.0125	1.1875	2.8675			15.815	34.6775	6.04	0.7	0.0625	0.065	180.95	35.475	1.35
2004-07-01 00:00:00	8.2225	0.5775	2.2025	3.0425			16.0725	34.8825	5.7425	0.835	0.08	0.1275	170.675	33.525	1.175
2004-08-01 00:00:00	8.215	0.975	2.8575	4.69			17.165	35.0775	5.395	0.9125	0.11	0.145	184.2	35.35	1.0375
2004-09-01 00:00:00	8.21	1.5075	2.695	3.125			17.2	35.1	5.595	1.0925	0.205	0.1175	170.875	31.3	0.9825
2004-10-01 00:00:00	8.16	3.98	4.5525	2.155			15.2025	35.1225	5.62	1.425	0.4375	0.285	134.175	21.475	0.385
2004-11-01 00:00:00	8.104	11.046	7.262	1.962			13.284	34.618	5.71	1.084	0.65	0.384	75.26	13.38	0.22
2004-12-01 00:00:00	8.12	13.05	7.10333333333333	6.25			11.28	34.75	5.89666666666667	0.52	0.53	0.433333333333333	128.1	21.3	0.25
2005-01-01 00:00:00	8.0925	18.365	7.9075	4.6025			10.485	34.3925	6.2775	0.3725	0.3875	0.4875	96.075	19.475	0.31
2005-02-01 00:00:00	8.15666666666667	17.3566666666667	6.96666666666667	2.38666666666667			9.69	34.54	6.33333333333333	0.313333333333333	0.263333333333333	0.47	78.5666666666667	12.8	0.196666666666667
2005-03-01 00:00:00	8.186	9.886	2.97	2.138			9.426	34.832	6.594	0.306	0.178	0.292	150.3	29.22	0.874
2005-04-01 00:00:00	8.2425	1.6975	1.63	2.27			11.4225	34.8775	6.47	0.1125	0.0925	0.075	164.675	34.025	0.875
2005-05-01 00:00:00	8.265	1.0975	1.4875	2.1625			13.19	34.725	6.185	0.1325	0.1125	0.02	249.2	45.725	1.325
2005-06-01 00:00:00	8.27	2.3375	1.36	2.7975			15.5275	34.9325	6.02	0.1025	0.1225	0.1325	134.875	27.35	0.53
2005-07-01 00:00:00	8.23	0.5625	0.75	2.61			16.79	35.1575	6.02	0.145	0.145	0.0625	180.1	41.875	0.615
2005-08-01 00:00:00	8.1575	0.3225	1.4525	4.655			16.22	35.1766666666667	5.7675	0.48	0.035	0.15	140.125	28.525	0.87
2005-09-01 00:00:00	8.168	0.434	2.674	1.772			16.544	35.248	5.544	0.834	0.066	0.228	146.52	31.18	0.564
2005-10-01 00:00:00	8.095	1.9125	4.2475	2.0975			15.48	35.2575	5.3025	1.4875	0.2425	0.3575	107.5	24.375	0.47
2005-11-01 00:00:00	8.1	7.2025	6.515	2.2325			13.3575	34.8875	5.59	1.72	0.61	0.415	110.475	25.575	0.41
2005-12-01 00:00:00	8.1075	17.1875	8.1975	2.2725			10.685	34.3925	5.88	1.1375	0.5225	0.4075	95.275	22.925	0.3325
2006-01-01 00:00:00	8.13	17.1225	7.41	1.875	7.4625	-22.605	9.53	34.4125	6.1775	0.7075	0.375	0.41	81.8	14.025	0.36
2006-02-01 00:00:00	8.1425	13.7025	5.135	2.25	5.8375	-22.9125	8.575	34.675	6.4975	0.5125	0.2925	0.3425	85.825	15.125	0.67
2006-03-01 00:00:00	8.14666666666667	20.37	5.71	2.35	7.3	-22.1733333333333	8.5	34.225	6.64	0.553333333333333	0.236666666666667	0.256666666666667	91.0666666666667	17.0666666666667	0.5775
2006-04-01 00:00:00	8.2225	16.78	5.7275	2.0425	5.715	-21.8475	10.05	33.9725	6.76	0.495	0.2175	0.1425	138.9	26.55	1.07666666666667
2006-05-01 00:00:00	8.244	6.568	1.874	2.264	4.9275	-21.184	12.57	34.33	6.44	0.636	0.188	0.052	162.66	31.98	1.484
2006-06-01 00:00:00	8.2	0.635	0.7775	3.71	7.4325	-20.38	15.3	34.9075	6.3075	0.5575	0.0525	0.02	212.5	35.55	1.4925
2006-07-01 00:00:00	8.175	0.4675	1.1925	2.825	6.3875	-20.18	17.3025	35.1525	5.9375	0.52	0.0375	0.0475	167.225	29.5	1.1025
2006-08-01 00:00:00	8.1275	0.8325	2.88	1.5125	6.48	-20.2033333333333	16.425	35.3125	5.595	0.6525	0.1175	0.115	136.05	27.225	1.08
2006-09-01 00:00:00	8.1325	0.43	4.4875	1.8425	6.8525	-18.0675	16.9675	35.3375	5.8425	0.4775	0.065	0.12	250.125	39.975	1.8975
2006-10-01 00:00:00	8.17333333333333	1.16666666666667	6.56333333333333	2.16	6.29666666666667	-18.49	16.455	35.2375	5.42333333333333	0.706666666666667	0.146666666666667	0.193333333333333	349.5	51.2	2.31
2006-11-01 00:00:00	8.12	3.99	5.6325	2.105	7.53	-20.5	14.79	34.9075	5.3775	1.0825	0.8575	0.3125	130.575	22.325	0.68
2006-12-01 00:00:00	8.1375	20.715	9.445	3.1475	7.1525	-21.3025	12.5625	33.9725	5.78	0.905	0.9925	0.41	172	27.075	0.385
2007-01-01 00:00:00	8.1225	23.73	8.9525	2.6025	8.1025	-21.685	11.3285	34.0425	6.075	0.743333333333333	0.465	0.3975	133.95	19.35	0.2575
2007-02-01 00:00:00	8.16333333333333	21.16	7.86666666666667	6.51333333333333	7.27333333333333	-21.4733333333333	10.7926666666667	34.16	6.18	0.67	0.37	0.393333333333333	236.766666666667	35.3333333333333	0.43
2007-03-01 00:00:00	8.162	19.23	5.062	4.9825	6.3875	-21.205	11.0246	34.271	6.388	0.395	0.262	0.286	269.575	61.325	1.262
2007-04-01 00:00:00	8.2625	5.0475	0.42	2.235	6.88	-19.795	12.32	34.77775	6.695	0.645	0.16	0.085	193.875	35.55	1.6625
2007-05-01 00:00:00	8.29	2.4825	1.75	1.795	6.4075	-21.38	14.2815	34.8085	6.2575	0.69	0.2225	0.11	208.625	38.225	1.695
2007-06-01 00:00:00	8.275	0.8625	1.685	2.1175	7.3425	-21.42	15.5195	34.756	6.045	0.6075	0.1275	0.1075	204.1	33.825	1.6075
2007-07-01 00:00:00	8.3125	3.19	1.6325	2.595	5.995	-20.9825	16.41775	34.5485	5.795	0.8475	0.155	0.0925	186.225	39.6	1.1875
2007-08-01 00:00:00	8.2975	0.78	2.6775	1.225	7.235	-19.3325	17.03625	34.91975	5.995	0.255	0.045	0.0325	277.95	46.425	1.3775
2007-09-01 00:00:00	8.23333333333333	0.523333333333333	1.88	1.79333333333333	6.36	-19.8233333333333	16.299	35.189	5.54333333333333	0.816666666666667	0.07	0.536666666666667	211.066666666667	48.5	1.06666666666667
2007-10-01 00:00:00	8.202	2.632	3.496	1.006	6.162	-21.386	14.8372	35.254	5.572	1.04	0.232	0.442	151.9	72.92	0.652
2007-11-01 00:00:00	8.185	4.7825	4.5325	1.955	5.43666666666667	-22.6925	12.7495	35.2955	5.7275	1.1	0.2575	0.3425	150.35	50.175	0.366666666666667
2007-12-01 00:00:00	8.1	11.66	6.2925	3.3325	5.1375	-22.3475	10.41525	34.8395	6.1625	1.44	0.2825	0.5025	217.025	78.975	0.4075
2008-01-01 00:00:00	8.09	19.305	7.8075	2.545	6.355	-22.245	9.78375	34.271	6.2775	1.1025	0.22	0.5375	208.4	33.625	0.3275
2008-02-01 00:00:00	8.125	22.31	8.0925	3.3025	6.3575	-22.44	9.675	34.1	6.39	0.685	0.2575	0.555	132.075	23.25	0.5075
2008-03-01 00:00:00	8.16	22.27	9.185	2.4725	9.44	-21.7475	10	33.875	6.4175	0.43	0.1975	0.48	145.375	27.1	0.765
2008-04-01 00:00:00	8.2575	11.9075	2.68	2.21	4.5325	-19.405	11.175	34.25	6.9125	0.5475	0.1825	0.2	253.275	46.4	2.5275
2008-05-01 00:00:00	8.304	3.112	0.634	1.942	6.418	-19.236	14.06	34.2	6.354	0.662	0.09	0.054	207.3	37	1.162
2008-06-01 00:00:00	8.225	3.1525	1.15	0.73	6.815	-19.785	15.725	34.225	6.045	0.675	0.16	0.075	184.6	34.85	0.7925
2008-07-01 00:00:00	8.16	0.22	0.9175	1.36	7.1925	-18.02	16.525	34.95	5.925	0.4675	0.02	0.0625	305.775	54.125	0.45
2008-08-01 00:00:00	8.13333333333333	0.146666666666667	2.89	1.13666666666667	6.86333333333333	-19.5566666666667	17.0333333333333	35.0666666666667	5.55	0.746666666666667	0.113333333333333	0.126666666666667	212	41.2666666666667	1.10333333333333
2008-09-01 00:00:00	8.085	2.22	3.45	1.3	6.89	-21.24	16.3255	34.9845	5.48	0.9225	0.4075	0.255	144.3	27.975	1.1225
2008-10-01 00:00:00	8.0725	4.162	4.778	1.228	6.9725	-22.1525	14.7792	34.9676	5.624	0.138	0.486	0.354	126	26.22	0.726
2008-11-01 00:00:00	8.04	9.33666666666667	7.25666666666667	1.48666666666667	5.75333333333333	-22.0633333333333	12.3903333333333	34.7506666666667	5.83	0.503333333333333	0.47	0.393333333333333	123.466666666667	22.5	0.51
2008-12-01 00:00:00	8.0825	16.49	7.7	1.4375	5.6175	-22.18	10.21725	34.41575	6.0725	0.73	0.4	0.4825	110.525	21.9	0.375
2009-01-01 00:00:00	7.96666666666667	17.8933333333333	8.52333333333333	4.63	5.93666666666667	-21.7466666666667	8.15133333333333	34.4473333333333	6.55666666666667	0.473333333333333	0.306666666666667	0.443333333333333	293.933333333333	51.3666666666667	0.446666666666667
2009-02-01 00:00:00	7.9775	22.9725	11.385	2.9	5.0175	-21.7025	8.28425	33.7525	6.475	0.5525	0.2225	0.4925	177	36.4	0.5275
2009-03-01 00:00:00	8.0625	13.675	5.605	1.6075	5.415	-20.9725	9.32625	34.039	6.9075	0.3425	0.2125	0.2475	199.975	35.3	1.91
2009-04-01 00:00:00	8.17	3.7	1.372	1.066	6.01	-20.992	11.1096	34.4686	6.74	0.544	0.1	0.05	202.84	40.28	2.088
2009-05-01 00:00:00	8.18	1.205	2.5325	0.905	5.915	-21.3475	13.2255	34.68475	6.4775	0.66	0.05	0.05	225.125	41.55	2.12
2009-06-01 00:00:00	8.125	0.3025	0.5825	1.93	6.9525	-19.8525	15.639	34.96125	6.3325	0.245	0.02	0.06	208.975	38.775	1.1425
2009-07-01 00:00:00	8.07	0.1525	0.865	1.7825	7.1675	-21.205	17.0265	35.0885	5.6375	0.3725	0.02	0.09	219.475	38.825	0.9275
2009-08-01 00:00:00	8.0375	0.5525	3.3	2.6675	6.625	-20.625	17.1055	35.15225	5.5425	0.7275	0.0725	0.1775	185.85	35.55	0.95
2009-09-01 00:00:00	8.0325	1.5275	4.3225	1.0325	6.295	-21.47	16.3075	35.23625	5.415	0.86	0.115	0.2025	139.325	26.325	0.8625
2009-10-01 00:00:00	8.024	3.076	5.866	1.254	5.868	-21.896	15.2862	35.2136	5.448	1.444	0.28	0.266	116.94	21.72	0.72
2009-11-01 00:00:00	8.0075	9.6025	9.56	2.4375	6.14	-21.4975	13.048	34.70625	5.78	1.68	0.54	0.4175	182.425	32.05	0.615
2009-12-01 00:00:00	7.98666666666667	22.21	11.1533333333333	2.80666666666667	5.66666666666667	-21.5433333333333	11.0436666666667	34.0166666666667	6.06	0.996666666666667	0.456666666666667	0.513333333333333	187.766666666667	33.6333333333333	0.39
2010-01-01 00:00:00	7.9625	21.2975	9.405	1.89775	7.835	-22.82	8.5775	34.19575	6.53	0.44	0.2725	0.455	115.66725	18.016	0.36
2010-02-01 00:00:00	7.9925	18.3725	8.625	2.09725	6.8775	-22.245	8.35	34.06425	6.4975	0.4825	0.23	0.395	126.34275	21.91175	0.78
2010-03-01 00:00:00	8.0675	14.36	3.09	1.409	4.9075	-20.195	8.7735	33.805	6.7875	0.615	0.215	0.1225	163.02825	30.2745	2.3
2010-04-01 00:00:00	8.075	9.0175	1.89	1.4365	4.995	-23.21	10.45575	33.93975	6.7525	0.4425	0.18	0.11	240.4	42.272	2.8125
2010-05-01 00:00:00	8.1725	2.28	0.4275	1.1175	5.6175	-22.5325	12.68875	34.4955	6.5625	0.6725	0.155	0.04	306.155	44.31	2.9025
2010-06-01 00:00:00	8.1275	0.43	0.4325	0.92	7.1825	-20.175	14.794	34.85125	6.19	0.4225	0.0425	0.0425	237.5425	44.3225	0.92
2010-07-01 00:00:00	8.065	0.39	0.8275	0.8725	6.2525	-20.51	16.82025	35.05225	5.8225	0.496666666666667	0.0425	0.0625	223.6275	40.95	0.785
2010-08-01 00:00:00	8.0575	0.8025	1.6725	0.755	6.5875	-20.6725	16.44275	35.24525	5.56	0.69	0.0925	0.1525	160.4575	28.595	0.4825
2010-09-01 00:00:00	8.04	1.43333333333333	3.19333333333333	0.973333333333333	6.88	-20.6633333333333	16.162	35.22325	5.28333333333333	0.856666666666667	0.153333333333333	0.23	151.52	27.99	0.726666666666667
2010-10-01 00:00:00	7.97	4.0225	4.46	0.625	4.2025	-21.645	14.83375	35.0635	5.405	2.2725	0.3075	0.345	127.1575	17.2925	0.555
2010-11-01 00:00:00	7.995	9.3025	8.765	1.9375	5.215	-22.08	13.1	34.6585	5.54	2.6725	0.53	0.4	164.1125	20.7875	0.32
2010-12-01 00:00:00	7.96	17.0025	8.68	2.1675	7.47	-22.7525	9.6425	34.222	6.0175	0.785	0.5	0.4225	139.3875	20.155	
2011-01-01 00:00:00	7.996	15.696	7.718	1.306	3.09	-22.826	8.9706	34.3844	6.356	0.676	0.304	0.38	77.496	13.82	0.358
2011-02-01 00:00:00	7.94666666666667	16.0233333333333	7.82666666666667	1.87666666666667	5.19	-21.8466666666667	9.049	34.147	6.36333333333333	0.7	0.2	0.363333333333333	139.79	21.9933333333333	0.466666666666667
2011-03-01 00:00:00	7.942	15.398	6.668	1.552	5.052	-22.49	9.8418	34.0482	6.546	0.458	0.232	0.26	140.232	24.892	0.866
2011-04-01 00:00:00	8.0425	5.0125	2.3925	0.715	5.005	-20.725	12.4245	34.45975	6.6975	0.4275	0.1925	0.045	169.345	30.3725	1.0425
2011-05-01 00:00:00	8.04	0.9525	1.3925	1.1575	6.9125	-19.67	14.3295	34.76975	6.185	0.5225	0.1075	0.0275	266.0275	43.5175	1.225
2011-06-01 00:00:00	8.125	0.42	1.3175	0.71875	6.7375	-20.4625	15.1425	35.091	5.975	0.2875	0.055	0.0575	203.95475	33.76575	0.9475
2011-07-01 00:00:00	8.05	0.58	2.1225	0.59425	6.67	-20.1325	15.937	35.28225	5.8	0.36	0.065	0.1075	163.82875	27.209	0.7575
2011-08-01 00:00:00	7.925	0.5175	3.155	1.10675	6.5975	-20.2625	16.427	35.37525	5.65	0.4025	0.0525	0.1575	215.13075	38.86025	0.695
2011-09-01 00:00:00	7.89	1.3675	4.54	0.675	6.312	-21.1996666666667	16.60525	35.43775	5.3	0.875	0.1525	0.205	156.75	30.75	0.615
2011-10-01 00:00:00	7.924	2.618	4.58	1.04	5.7234	-21.7496	15.8986	35.461	5.364	1.06	0.282	0.276	125.4	25.4	0.74
2011-11-01 00:00:00	8.03333333333333	5.11	4.47	1.3	7.9225	-22.33625	14.122	35.31125	5.515	0.8925	0.625	0.4075	93.75	19.25	0.425
2011-12-01 00:00:00	8.0325	11.4575	6.37	3.75	7.1575	-21.676	11.994	34.87	5.9875	1.02	0.6675	0.44	184.75	30.25	0.285
2012-01-01 00:00:00	8.0475	17.0125	6.93	1.82875	5.98175	-22.37425	11.0045	34.548	6.02	0.77	0.3625	0.4275	114.7545	18.85825	0.2625
2012-02-01 00:00:00	8.0475	13.22	5.3225	1.30175	3.901	-23.56875	9.70475	34.79725	6.32	0.4075	0.195	0.41	67.8295	13.9365	0.46
2012-03-01 00:00:00	8.055	7.0525	2.625	1.28075	5.70925	-21.468	10.664	34.8935	6.5875	0.425	0.19	0.2525	146.23525	28.463	0.945
2012-04-01 00:00:00	8.1775	0.4525	0.6675	1.63625	6.306	-21.91275	11.57125	35.00775	6.5075	0.2475	0.055	0.045	207.43325	38.50625	1.415
2012-05-01 00:00:00	8.135	4.915	3.3525	1.39	5.885	-23.07	12.8105	34.404	6.275	0.5925	0.14	0.0875	194.34	40.015	2.27
2012-06-01 00:00:00	8.146	1.224	1.398	1.524	7.658	-20.912	15.2236	34.6802	6.088	0.4246	0.11	0.044	228.13	43.65	1.15
2012-07-01 00:00:00	8.165	0.5575	0.825	0.9025	7.94	-20.055	16.567	34.82575	6.0675	0.3825	0.07	0.0375	189.1725	35.03	1.145
2012-08-01 00:00:00	8.085	0.815	1.735	1.0575	7.9175	-20.5375	17.72775	35.03175	5.455	0.5275	0.075	0.0925	154.4825	26.6975	0.635
2012-09-01 00:00:00	8.07	2.195	4.0325	0.53	5.335	-22.06	16.6985	35.185	5.34	0.9275	0.2925	0.2	103.0475	18.035	0.5075
2012-10-01 00:00:00	8.055	6.795	6.4125	1.11	5.19	-21.745	15.09475	34.80975	5.4425	1.1825	0.4025	0.34	102.3575	17.71	0.4675
2012-11-01 00:00:00	8.03	10.245	7.195	1.925	6.975	-21.545	12.79525	34.67075	5.7725	1.0375	0.475	0.38	130.8525	22.765	0.4525
2012-12-01 00:00:00	8.02	22.125	8.6175	2.57	5.7975	-22.0975	11.2165	34.05775	6.0775	0.8625	0.6	0.3825	141.5425	28.9175	0.3075
2013-01-01 00:00:00	8.005	25.165	11.0275	2.1375	6.75	-22.525	10.4985	33.57975	6.135	0.605	0.38	0.44	145.5325	29.8625	0.275
2013-02-01 00:00:00	7.9975	22.895	10.4875	2.94	6.05	-22.025	9.6005	33.724	6.32	0.4075	0.325	0.4525	153.47	27.2575	0.675
2013-03-01 00:00:00	8.0775	15.9	4.505	1.9875	5.525	-21.55	8.897	33.97975	6.5975	0.43	0.2525	0.2	161.135	31.0975	1.4
2013-04-01 00:00:00	8.0675	12.605	3.63	1.4375	4.925	-22.5	9.2985	33.8095	6.52	0.5275	0.1925	0.07	141.2075	27.155	0.975
2013-05-01 00:00:00	8.102	7.12	2.174	1.536	4.82	-21.96	11.9776	34.1928	6.362	0.58	0.248	0.056	141.074	27.29	0.78
2013-06-01 00:00:00	8.1175	1.415	1.3625	1.48	5.65	-22.225	14.2305	34.731	6.0875	0.6075	0.1375	0.0675	209.6625	36.605	1.125
2013-07-01 00:00:00	8.065	0.2125	1.45	0.925	6.175	-20.8	16.6045	35.08825	6.1675	0.3375	0.025	0.05	188.54	36.43	0.975
2013-08-01 00:00:00	8.06	0.4725	3.16	0.845	5.675	-20.575	17.7585	35.21775	5.475	0.5525	0.0775	0.1	162.8	26.025	0.775
2013-09-01 00:00:00	8.025	1.39	3.2175	0.73	5.75	-21.15	16.27775	35.309	5.3975	0.7625	0.1725	0.21			0.65
2013-10-01 00:00:00	7.964	3.378	4.248	1.09	5.672	-21.406	15.7638	35.2886	5.39	1.005	0.296	0.308	113.2686	17.279	0.786
2013-11-01 00:00:00	7.9125	9.1175	7.67	1.5425	6.15	-22.0425	13.3275	34.72325	5.505	1.45425	0.6	0.4775	92.445	11.407	0.34
2013-12-01 00:00:00	7.90666666666667	13.27	8.14	4.44666666666667	6.45	-21.8566666666667	11.2283333333333	34.532	5.94333333333333	0.767666666666667	0.446666666666667	0.5	406.421	57.784	0.28
2014-01-01 00:00:00	7.905	23.3775	11.19	7.9165	6.5375	-21.65	10.32075	33.27975	6.185	0.6545	0.3575	0.495	333.345	45.3825	0.405
2014-02-01 00:00:00	7.925	29.395	11.8125	16.055	6.4375	-21.595	9.5765	32.85525	6.375	0.55225	0.2625	0.4675	413.35	56.2875	0.4175
2014-03-01 00:00:00	7.95	20.14	6.22	6.74933333333333	5.315	-20.8075	10.2	33.558	6.4325	0.29725	0.29	0.275	265.6075	40.2725	1.49
2014-04-01 00:00:00	8.0325	7.9275	1.365	1.54025	5.155	-21.7725	11.86	33.99	6.415	0.55625	0.315	0.06	162.015	29.5	1.165
2014-05-01 00:00:00	8.07	3.1425	0.8475	1.13775	6.89	-21.395	13.625	34.155	6.39	0.522	0.18	0.0425	183.01	32.455	1.825
2014-06-01 00:00:00	8.10333333333333	0.3125	1.07	1.4995	7.2325	-20.965	15.75	34.60975	6.21	0.35675	0.035	0.03	188.72	30.965	1.355
2014-07-01 00:00:00	8.035	0.3925	2.1525	0.69075	9.56	-21.0325	17.2475	34.88775	5.715	0.47525	0.045	0.065	158.1425	28.7675	1.0175
2014-08-01 00:00:00	7.995	0.555	2.7025	0.7465	6.5725	-21.1475	17.1125	35.09625	5.63	0.605	0.0675	0.1125	140.67	25.435	0.8775
2014-09-01 00:00:00	8.028	0.754	2.762	0.6462	5.966	-21.302	17.264	35.1762	5.56	0.7466	0.1	0.142	127.136	21.852	1.122
2014-10-01 00:00:00	8.0025	2.62	4.3875	0.96075	6.0725	-22.43	16.9	35.2193333333333	5.3125	1.1845	0.34	0.2875	104.8825	18.2925	0.6475
2014-11-01 00:00:00	7.932	9.472	7.534	1.6148	6.305	-22.1375	13.7945	34.1915	5.508	1.001	0.796	0.402	96.215	15.9775	0.495
2014-12-01 00:00:00	7.92	14.235	8.52	2.5455	6.945	-21.8625	12.39725	34.0845	5.77	0.4745	0.7175	0.4175	109.8325	17.3875	0.38
2015-01-01 00:00:00	7.9225	16	8.1625	3.54675	6.9075	-22.0075	11.1705	34.17475	6.0675	0.27125	0.335	0.45	154.5875	25.635	0.345
2015-02-01 00:00:00	7.91666666666667	18.3366666666667	7.20833333333333	3.362	6.1425	-22.335	9.43133333333334	34.1753333333333	6.26833333333333	0.293166666666667	0.248333333333333	0.438333333333333	122.1975	22.485	0.502
2015-03-01 00:00:00	7.9275	13.845	4.51	3.677	5.58	-21.475	9.99925	34.35075	6.46	0.33275	0.24	0.3275	172.545	33.855	1.285
2015-04-01 00:00:00	8.07	2.308	0.658	1.2128	6.658	-22.59	11.8376	34.7018	7.022	0.2354	0.11	0.052	318.226	53.568	3.482
2015-05-01 00:00:00	8.02333333333333	1.86	1.99	1.14933333333333	6.31333333333333	-22.6533333333333	13.4563333333333	34.5286666666667	6.07333333333333	0.445	0.103333333333333	0.066666666666667	183.623333333333	40.1966666666667	1.68666666666667
2015-06-01 00:00:00	8.064	0.244	1.002	0.568	7.38	-20.438	15.1478	34.9094	6.308	0.193	0.032	0.026	159.504	31.68	1.326
2015-07-01 00:00:00	8.045	0.105	1.5975	1.0525	7.1475	-20.83	17.051	35.18775	5.75	0.2665	0.025	0.0825	151.8175	26.1625	0.9
2015-08-01 00:00:00	8.0175	0.3975	2.02	0.7925	6.4425	-21.1625	16.60675	35.20525	5.575	0.609	0.0625	0.1425	130.075	24.1425	0.985
2015-09-01 00:00:00	7.97666666666667	1.19666666666667	3.60666666666667	0.85	6.039	-21.9506666666667	15.9623333333333	35.192	5.47666666666667	0.689666666666667	0.156666666666667	0.2	131.780666666667	25.7326666666667	0.89
2015-10-01 00:00:00	7.9775	1.8025	3.71	0.942	5.947	-21.783	15.188	35.248	5.5275	0.64475	0.2125	0.2425	127.44125	24.42225	0.9175
2015-11-01 00:00:00	7.9425	4.3275	4.9775	1.53375	3.79575	-22.137	14.55725	35.12825	5.635	1.13725	0.48	0.375	115.55475	18.5985	0.4075
2015-12-01 00:00:00	7.93	9.974	6.726	3.0154	6.7996	-21.9866	12.6714	34.7328	5.922	0.6638	0.654	0.45	137.405	21.751	0.404
2016-01-01 00:00:00	7.8825	19.895	9.68	5.43925	4.771	-22.297	10.9655	33.86375	6.11	0.4905	0.355	0.465	232.3885	41.3355	0.3525
2016-02-01 00:00:00	7.9175	26.6475	11.4	4.931	5.1025	-22.3635	10.552	33.04525	6.2775	0.523	0.285	0.455	524.551	79.92525	0.605
2016-03-01 00:00:00	7.98	13.155	4.2375	3.69	5.898	-21.1025	10.10575	34.27025	6.53	0.32225	0.2225	0.2725	220.94125	38.49625	1.7925
2016-04-01 00:00:00	8.0175	5.14	0.6725	1.41875	5.1705	-20.793	11.3175	34.3635	6.5275	0.472	0.155	0.0425	212.1245	34.0945	1.74
2016-05-01 00:00:00	8.0175	1.4325	2.155	1.03925	7.516	-22.746	13.1395	34.6155	6.2825	0.29675	0.09	0.0425	177.1215	33.0435	1.29
2016-06-01 00:00:00	8.05	0.3325	1.9175	0.65525	6.1745	-21.9415	15.392	34.7755	6.155	0.3075	0.04	0.04	169.51775	29.4945	1.0775
2016-07-01 00:00:00	8.034	0.3	1.48	0.8736	5.679	-21.4118	16.5564	34.982	6.012	0.3752	0.036	0.076	147.5446	27.1754	0.872
2016-08-01 00:00:00	8.0275	0.345	2.2275	0.8975	7.41075	-21.6965	17.19625	35.1765	5.7675	0.4115	0.055	0.135	148.87825	27.565	0.8275
2016-09-01 00:00:00	7.985	0.965	2.6725	0.8625	4.222	-21.71225	17.1685	35.2485	5.505	0.74775	0.1325	0.225	139.7245	26.5735	0.775
2016-10-01 00:00:00	8.01	2.3475	3.56	1.1325	5.217	-22.4185	15.244	35.309	5.465	0.81775	0.2775	0.305	93.714	18.61175	0.57
2016-11-01 00:00:00	7.9725	3.9575	4.5675	0.7365	6.5655	-22.165	13.21225	35.273	5.7225	0.801	0.355	0.335	96.2825	17.723	0.445
2016-12-01 00:00:00	7.9375	6.91	5.225	1.443	5.01	-22.0885	11.205	35.09625	6.085	0.70575	0.425	0.3925	93.62325	16.129	0.4625
2017-01-01 00:00:00	7.915	7.7625	5.2575	1.8125	7.0075	-22.955	9.851	35.0135	6.225	0.367	0.33	0.39			0.8225
2017-02-01 00:00:00	7.9225	10.59	5.6725	1.9875	5.8125	-22.3675	9.46125	34.67875	6.41	0.49625	0.235	0.3725	127.1125	21.22	0.8925
2017-03-01 00:00:00	7.935	11.9375	5.4875	2.08	6.2075	-22.455	10.2125	34.3845	6.345	0.51725	0.2225	0.3125	117.69	19.6075	0.7
2017-04-01 00:00:00	8.03	3.7375	1.6575	0.8975	6.28	-21.06	12.08825	34.758	6.8775	0.296	0.175	0.105	163.34	28.385	1.4075
2017-05-01 00:00:00	8.066	0.16	1.526	0.7996	7.3546	-21.8182	13.9486	34.8562	6.284	0.1916	0.0175	0.028	196.469	30.3558	1.492
2017-06-01 00:00:00	8.0575	0.235	1.44	1.658	7.141	-21.03725	16.55925	34.93425	5.8825	0.2415	0.035	0.0775	201.727	28.4095	0.765
2017-07-01 00:00:00	8.0375	0.26	1.405	0.983	7.47275	-21.04475	16.9815	35.18925	5.7475	0.2375	0.0425	0.1125	170.49975	22.89525	0.665
2017-08-01 00:00:00	8.0225	0.35	2.2925	0.897	6.825	-21.7115	17.17775	35.22475	5.6525	0.33475	0.055	0.1225	133.8575	23.398	0.735
2017-09-01 00:00:00	7.955	1.52	3.4375	0.715	6.98325	-22.1955	16.1635	35.272	5.7225	0.6435	0.19	0.1275	105.421	19.51275	0.5475
2017-10-01 00:00:00	7.96	2.91	4.3225	1.7925	5.9425	-21.86	15.44525	35.1915	5.575	0.82575	0.265	0.1725	148.84075	24.57625	0.57
2017-11-01 00:00:00	7.9	5.928	5.446	1.0566	5.3748	-22.6694	13.244	35.0812	5.698	1.0136	0.466	0.438	102.547	18.4946	0.568
2017-12-01 00:00:00	7.885	11.6225	6.26	2.0825	5.987	-22.30325	10.798	34.53775	6.045	0.7015	0.3175	0.47	109.601	19.1655	0.4275
2018-01-01 00:00:00	7.8975	20.7225	8.545	5.43625	6.1655	-21.931	10.58675	33.786	6.1825	0.63525	0.28	0.53	231.545	35.00425	0.42
2018-02-01 00:00:00	7.9325	18.615	7.475	3.04725	5.608	-22.36625	9.52225	34.10975	6.375	0.5275	0.23	0.5075	165.478	26.2495	0.6625
2018-03-01 00:00:00	7.9575	15.5725	4.94	2.58125	4.8935	-21.93675	8.86475	33.93825	6.54	0.45925	0.195	0.3325	142.774	24.6595	1.02
2018-04-01 00:00:00	7.985	11.4275	2.7975	1.83325	4.17375	-21.2145	11.13925	33.7285	6.71	0.523	0.2075	0.1125	222.88	37.72175	2.6075
2018-05-01 00:00:00	8.065	3.3975	0.91	0.90025	5.813	-20.17125	13.09825	34.11975	6.7225	1.06525	0.17	0.0125	245.27775	41.343	2.33
2018-06-01 00:00:00	8.09	0.595	1.31	0.9075	7.32033333333333	-19.6783333333333	15.31125	34.5835	6.4125	0.699	0.0375	0.02	349.10475	51.83925	2.165
2018-07-01 00:00:00	8.042	0.344	2.21	0.8046	6.935	-21.1478	17.82825	34.8045	5.742	0.419	0.018	0.056	168.028	29.6266	0.832
2018-08-01 00:00:00	8.01	0.66	2.75	0.7555	8.961	-21.877	16.91	35.0665	5.6025	0.5655	0.0775	0.105	129.32	23.9035	0.81
2018-09-01 00:00:00	7.96	1.16	3.92666666666667	0.589666666666667			16.1033333333333	35.203	5.55	0.925	0.126666666666667	0.18	115.649333333333	20.8116666666667	0.58
2018-10-01 00:00:00	7.978	2.576	4.656	0.8706			14.7122	35.2048	5.524	1.0312	0.228	0.31	103.5556	18.9552	0.938
2018-11-01 00:00:00	7.9275	5.8025	5.6375	1.792			12.36075	35.015	5.805	1.0145	0.38	0.4675	129.4445	23.694	0.5825
2018-12-01 00:00:00	7.885	14.9825	8.74	2.55775			11.59975	34.00825	6	1.08175	0.5625	0.5275	176.9385	26.72675	0.3475
2019-01-01 00:00:00	7.8875	15.9775	8.495	1.134			10.75025	34.442	6.035	0.44725	0.38	0.4825	72.798	13.00125	0.3275
2019-02-01 00:00:00	7.9125	16.325	8.14	2.368			9.81575	34.1565	6.36	0.4495	0.2425	0.4525	123.256	21.15275	0.6525
2019-03-01 00:00:00	7.9525	12.09	4.8625	1.726			10.59375	34.369	6.405	0.3755	0.22	0.3175	148.525	26.83825	1.24
2019-04-01 00:00:00	8.025	4.6225	1.6725	1.0295			11.633	34.60575	6.6975	0.4035	0.1475	0.15	204.6095	34.95175	1.87
2019-05-01 00:00:00	8.092	0.252	0.594	0.7616			13.7114	34.6758	6.526	0.2518	0.026	0.048	319.7304	45.1876	2.488
2019-06-01 00:00:00	8.05666666666667	0.293333333333333	2.56333333333333	0.645			15.1396666666667	34.8803333333333	5.83333333333333	0.292666666666667	0.03	0.1	140.488333333333	28.334	1.08666666666667
